Dulciana Rosborough,437-29-9684
Leena Whittlesey,883-58-4847
Nariko Lalonde,220-07-3833
Bjorn Skarin,700-96-7033
Effie Whapples,238-96-7125
Nancie Allatt,634-79-1777
Neville Rose,597-65-4870
Fidel Ivanyukov,301-75-6877
Alejandra Conry,251-69-4015
Alvin Cutting,205-84-7021
Mick Storck,678-09-0182
Farlay Silly,368-41-9929
Thor Tatham,522-17-3576
Jason Buckie,433-98-4487
Fania Leipold,699-81-9609
Gilberte Onions,405-35-7959
Gary Hoggins,480-90-2408
Helen Cockell,284-61-8328
Esra Lyptrit,760-27-5819
Bobbette De la Zenne,102-26-3467
Pablo Kibbye,759-67-8527
Erina Oldaker,223-11-1006
Mara Connechie,465-32-6904
Cleavland Rodrigo,388-32-7614
Marthe McCullum,102-29-1670
Osbourn Ricoald,884-53-5420
Starlene Kennelly,109-11-8602
Ora Ingold,808-17-3374
Adrianna Billie,491-85-7357
Marga Bedberry,608-55-3315
Briana Ricold,175-85-0910
Demetre Snoxell,786-75-1060
Remy Pinnigar,107-54-9945
Adara Raison,810-97-4256
Rory Simioni,802-67-8500
Susanne Leif,307-07-2610
Ripley Ferriere,136-05-8867
Mycah Crewes,589-53-4258
Ardine Norcliffe,495-66-4145
Lorene Gurley,317-26-6806
Miguela Ward,897-69-9655
Berkley Buffham,304-16-8931
Karen Gregson,447-37-5667
Frants Helin,312-35-6864
Solly Proudlock,642-95-7848
Mona Cahen,731-04-9601
Inness Glossop,897-77-5015
Pen Lazer,462-12-6929
Chevalier Coath,416-03-0570
Sue Smee,377-59-3631
Francene Batram,712-34-7338
Krissy Dinwoodie,322-51-3682
Tobie Aiers,433-74-2022
Wenonah Crippen,718-17-2122
Chaim Joice,326-65-5509
Martie Gilchriest,561-87-8277
Clevey Bettley,755-37-2283
Davey Levensky,510-49-9038
Obadiah Pay,489-40-7361
Berni Huntly,458-94-4504
Verene Tapin,465-80-5742
Diann Seagar,594-11-2241
Tobe Bushby,769-17-3461
Dyann Springall,408-99-8675
Jeanna Guirard,568-47-8232
Daveen Bearsmore,850-46-6938
Neille Bankhurst,714-08-2979
Bebe Follis,506-86-4135
Paco Sander,631-06-0941
Janeta Haresnape,465-56-7321
Devlin Bakeup,482-75-0312
Lucho Razzell,192-23-6462
Ludovika Aggott,435-52-0106
Dylan McConigal,689-81-9170
Nollie Howchin,436-46-3488
Clovis Weller,143-74-2393
Fawne Hartropp,623-35-8667
Tami Kinkaid,625-52-6320
Faydra Peverell,323-19-5587
Vassili Brant,621-21-1792
Riane Guyton,387-09-3300
Edan Maltman,217-97-5863
Dulcine Kubacki,696-88-6018
Frederich Hymas,148-53-9125
Simon Zuanazzi,207-44-4388
Pia Castledine,789-94-1112
Kimberly Last,115-55-5725
Lynna Corns,547-14-8519
Allard Ackermann,773-69-3478
Pebrook Grollmann,248-11-7554
Elene Tomas,490-79-5811
Whitaker Hansford,835-14-0892
Laure Cardenas,679-99-0304
Lanni Fisbey,739-51-0627
Selestina Gerred,723-28-4125
Angel Kardos-Stowe,353-49-3098
Rachel Souza,434-66-9206
Ainsley Treace,673-47-7471
Caressa McLanaghan,742-32-1101
Stephani McPaik,336-11-2872